"";"ACRIM";"BCRIM";"CCRIM";"DCRIM";"FEMALE";"SCHOOL"
"1";2;0;NA;NA;0;"HA"
"2";1;4;NA;NA;0;"HA"
"3";0;0;NA;NA;1;"HA"
"4";0;1;NA;NA;1;"HA"
"5";0;0;NA;NA;1;"HA"
"6";0;1;NA;NA;1;"HA"
"7";0;0;NA;NA;1;"HA"
"8";3;5;NA;NA;0;"HA"
"9";0;0;NA;NA;0;"HA"
"10";0;0;NA;NA;0;"HA"
"11";0;0;NA;NA;1;"HA"
"12";0;1;NA;NA;0;"HA"
"13";2;2;NA;NA;0;"HA"
"14";4;2;NA;NA;0;"HA"
"15";0;3;NA;NA;1;"HA"
"16";0;0;NA;NA;1;"GY"
"17";0;0;NA;NA;0;"GY"
"18";0;1;NA;NA;1;"HA"
"19";3;2;NA;NA;0;"GY"
"20";0;0;NA;NA;1;"HA"
"21";0;0;NA;NA;0;"HA"
"22";0;0;NA;NA;0;"HA"
"23";8;9;NA;NA;0;"HA"
"24";1;1;NA;NA;0;"HA"
"25";0;0;NA;NA;1;"HA"
"26";0;2;NA;NA;1;"HA"
"27";0;2;NA;NA;0;"HA"
"28";1;0;NA;NA;1;"HA"
"29";3;4;NA;NA;1;"HA"
"30";0;5;NA;NA;0;"HA"
"31";1;0;NA;NA;0;"HA"
"32";12;7;NA;NA;0;"HA"
"33";0;9;NA;NA;0;"HA"
"34";1;5;NA;NA;0;"HA"
"35";3;12;NA;NA;0;"HA"
"36";0;4;NA;NA;0;"GY"
"37";1;15;NA;NA;0;"GY"
"38";2;2;NA;NA;0;"HA"
"39";0;2;NA;NA;0;"HA"
"40";2;3;NA;NA;0;"HA"
"41";2;7;NA;NA;0;"HA"
"42";0;0;NA;NA;0;"HA"
"43";0;3;NA;NA;0;"HA"
"44";0;0;NA;NA;0;"HA"
"45";0;1;NA;NA;0;"HA"
"46";5;6;NA;NA;0;"HA"
"47";0;0;NA;NA;1;"HA"
"48";11;5;NA;NA;0;"HA"
"49";0;0;NA;NA;1;"HA"
"50";0;0;NA;NA;1;"HA"
"51";0;0;NA;NA;1;"HA"
"52";2;2;NA;NA;1;"HA"
"53";0;1;NA;NA;1;"RE"
"54";0;2;NA;NA;0;"HA"
"55";0;0;NA;NA;0;"HA"
"56";1;1;NA;NA;1;"RE"
"57";1;0;NA;NA;0;"RE"
"58";0;0;NA;NA;0;"RE"
"59";0;0;NA;NA;0;"RE"
"60";1;0;NA;NA;1;"RE"
"61";1;0;NA;NA;0;"RE"
"62";1;2;NA;NA;0;"RE"
"63";0;0;NA;NA;1;"RE"
"64";2;1;NA;NA;1;"RE"
"65";2;5;NA;NA;1;"RE"
"66";0;0;NA;NA;0;"RE"
"67";2;2;NA;NA;0;"RE"
"68";0;0;NA;NA;0;"RE"
"69";0;0;NA;NA;1;"RE"
"70";0;0;NA;NA;1;"RE"
"71";4;1;NA;NA;1;"RE"
"72";3;2;NA;NA;1;"RE"
"73";0;1;NA;NA;1;"RE"
"74";0;0;NA;NA;1;"GY"
"75";1;1;NA;NA;1;"GY"
"76";2;0;NA;NA;0;"GY"
"77";0;0;NA;NA;0;"RE"
"78";0;0;NA;NA;1;"RE"
"79";0;0;NA;NA;1;"RE"
"80";0;0;NA;NA;1;"RE"
"81";1;0;NA;NA;1;"RE"
"82";0;1;NA;NA;1;"RE"
"83";1;0;NA;NA;0;"RE"
"84";0;0;NA;NA;0;"RE"
"85";0;4;NA;NA;0;"RE"
"86";1;5;NA;NA;0;"RE"
"87";0;1;NA;NA;0;"RE"
"88";0;0;NA;NA;1;"RE"
"89";4;7;NA;NA;0;"RE"
"90";3;2;NA;NA;0;"RE"
"91";6;5;NA;NA;0;"RE"
"92";1;1;NA;NA;1;"RE"
"93";0;0;NA;NA;0;"RE"
"94";0;0;NA;NA;0;"RE"
"95";2;0;NA;NA;1;"RE"
"96";0;0;NA;NA;0;"RE"
"97";0;0;NA;NA;0;"RE"
"98";0;1;NA;NA;1;"RE"
"99";0;1;NA;NA;1;"RE"
"100";0;0;NA;NA;0;"GY"
"101";0;0;NA;NA;0;"GY"
"102";3;1;NA;NA;0;"GY"
"103";1;1;NA;NA;0;"GY"
"104";1;1;NA;NA;1;"RE"
"105";1;3;NA;NA;1;"RE"
"106";1;2;NA;NA;0;"RE"
"107";0;0;NA;NA;1;"RE"
"108";0;0;NA;NA;0;"RE"
"109";0;0;NA;NA;1;"RE"
"110";0;5;NA;NA;0;"RE"
"111";0;0;NA;NA;0;"HA"
"112";0;0;NA;NA;1;"HA"
"113";0;0;NA;NA;1;"RE"
"114";0;0;NA;NA;1;"RE"
"115";1;1;NA;NA;0;"RE"
"116";0;0;NA;NA;0;"RE"
"117";0;1;NA;NA;1;"RE"
"118";0;0;NA;NA;1;"RE"
"119";1;0;NA;NA;0;"GY"
"120";0;0;NA;NA;0;"RE"
"121";1;0;NA;NA;0;"RE"
"122";2;6;NA;NA;0;"RE"
"123";5;8;NA;NA;1;"RE"
"124";0;0;NA;NA;1;"RE"
"125";0;0;NA;NA;1;"RE"
"126";0;0;NA;NA;1;"RE"
"127";2;1;NA;NA;1;"RE"
"128";2;4;NA;NA;0;"GY"
"129";0;1;NA;NA;1;"GY"
"130";0;3;NA;NA;0;"GY"
"131";5;5;NA;NA;1;"GY"
"132";0;2;NA;NA;0;"GY"
"133";0;2;NA;NA;1;"GY"
"134";0;1;NA;NA;1;"GY"
"135";0;1;NA;NA;0;"RE"
"136";0;0;NA;NA;0;"GY"
"137";0;0;NA;NA;0;"GY"
"138";1;2;NA;NA;1;"GY"
"139";1;0;NA;NA;0;"GY"
"140";0;0;NA;NA;1;"GY"
"141";0;0;NA;NA;1;"GY"
"142";0;0;NA;NA;1;"GY"
"143";0;1;NA;NA;0;"GY"
"144";0;0;NA;NA;0;"GY"
"145";0;1;NA;NA;1;"HA"
"146";7;5;NA;NA;1;"GY"
"147";0;0;NA;NA;0;"GY"
"148";0;1;NA;NA;1;"GY"
"149";1;1;NA;NA;0;"GY"
"150";1;3;NA;NA;0;"GY"
"151";0;0;NA;NA;0;"GY"
"152";0;0;NA;NA;0;"GY"
"153";1;0;NA;NA;0;"GY"
"154";4;5;NA;NA;0;"GY"
"155";2;0;NA;NA;1;"GY"
"156";4;5;NA;NA;1;"GY"
"157";4;8;NA;NA;0;"GY"
"158";0;0;NA;NA;0;"GY"
"159";0;0;NA;NA;0;"GY"
"160";0;1;NA;NA;0;"GY"
"161";1;0;NA;NA;0;"GY"
"162";0;0;NA;NA;1;"GY"
"163";1;0;NA;NA;1;"GY"
"164";4;5;NA;NA;1;"GY"
"165";0;0;NA;NA;0;"GY"
"166";1;1;NA;NA;1;"GY"
"167";1;0;NA;NA;1;"GY"
"168";0;0;NA;NA;1;"RE"
"169";0;1;NA;NA;1;"RE"
"170";0;0;NA;NA;0;"GY"
"171";0;0;NA;NA;1;"GY"
"172";0;3;NA;NA;0;"GY"
"173";0;0;NA;NA;1;"GY"
"174";0;0;NA;NA;1;"GY"
"175";3;5;NA;NA;0;"GY"
"176";0;0;NA;NA;1;"GY"
"177";3;0;NA;NA;1;"GY"
"178";0;1;NA;NA;1;"GY"
"179";6;7;NA;NA;0;"GY"
"180";3;12;NA;NA;0;"GY"
"181";2;3;NA;NA;0;"GY"
"182";1;0;NA;NA;0;"GY"
"183";0;0;NA;NA;1;"GY"
"184";1;0;NA;NA;0;"GY"
"185";2;2;NA;NA;0;"GY"
"186";5;1;NA;NA;0;"GY"
"187";2;6;NA;NA;0;"GY"
"188";0;0;NA;NA;1;"GY"
"189";1;2;NA;NA;1;"GY"
"190";1;2;NA;NA;0;"GY"
"191";0;0;NA;NA;1;"GY"
"192";0;0;NA;NA;1;"GY"
"193";0;0;NA;NA;1;"GY"
"194";2;9;NA;NA;1;"GY"
"195";1;0;NA;NA;0;"GY"
"196";4;2;NA;NA;0;"RE"
"197";1;2;NA;NA;1;"RE"
"198";2;0;NA;NA;0;"RE"
"199";0;0;NA;NA;1;"GY"
"200";0;0;NA;NA;1;"GY"
"201";0;0;NA;NA;1;"GY"
"202";0;3;NA;NA;1;"RE"
"203";0;0;NA;NA;1;"GY"
"204";0;0;NA;NA;1;"GY"
"205";0;4;NA;NA;0;"GY"
"206";0;0;NA;NA;1;"GY"
"207";0;0;NA;NA;1;"GY"
"208";0;0;NA;NA;0;"GY"
"209";0;1;NA;NA;1;"GY"
"210";0;0;NA;NA;0;"GY"
"211";2;2;NA;NA;0;"GY"
"212";1;1;NA;NA;1;"GY"
"213";0;0;NA;NA;0;"GY"
"214";0;0;NA;NA;0;"GY"
"215";0;0;NA;NA;0;"GY"
"216";0;2;NA;NA;0;"GY"
"217";0;2;NA;NA;1;"GY"
"218";1;0;NA;NA;0;"GY"
"219";1;0;NA;NA;0;"GY"
"220";2;3;NA;NA;0;"GY"
"221";0;0;NA;NA;0;"RE"
"222";0;1;NA;NA;1;"RE"
"223";0;0;NA;NA;1;"GY"
"224";1;3;NA;NA;0;"GY"
"225";2;3;NA;NA;1;"GY"
"226";0;0;NA;NA;1;"GY"
"227";4;2;NA;NA;0;"GY"
"228";0;0;NA;NA;1;"GY"
"229";1;2;NA;NA;0;"HA"
"230";0;0;NA;NA;1;"HA"
"231";4;3;NA;NA;0;"HA"
"232";0;0;NA;NA;1;"HA"
"233";0;0;NA;NA;1;"HA"
"234";1;1;NA;NA;0;"HA"
"235";0;2;NA;NA;0;"HA"
"236";0;0;NA;NA;1;"HA"
"237";1;2;NA;NA;0;"HA"
"238";0;0;NA;NA;0;"HA"
"239";0;0;NA;NA;1;"HA"
"240";1;0;NA;NA;0;"HA"
"241";1;0;NA;NA;0;"HA"
"242";1;0;NA;NA;1;"HA"
"243";0;1;NA;NA;1;"HA"
"244";0;0;NA;NA;0;"HA"
"245";0;2;NA;NA;0;"HA"
"246";1;0;NA;NA;0;"HA"
"247";0;0;NA;NA;1;"RE"
"248";1;0;NA;NA;0;"RE"
"249";0;0;NA;NA;0;"RE"
"250";0;0;NA;NA;0;"RE"
"251";3;7;NA;NA;1;"GY"
"252";0;0;NA;NA;1;"GY"
"253";2;2;NA;NA;1;"GY"
"254";0;0;NA;NA;1;"GY"
"255";1;1;NA;NA;1;"GY"
"256";1;3;3;NA;0;"GY"
"257";0;0;0;NA;1;"GY"
"258";0;0;0;NA;1;"GY"
"259";NA;0;0;NA;0;"GY"
"260";0;0;0;NA;1;"GY"
"261";0;1;0;NA;0;"GY"
"262";0;0;1;NA;0;"GY"
"263";0;1;0;NA;1;"GY"
"264";1;1;1;NA;0;"GY"
"265";0;0;NA;NA;1;"GY"
"266";0;0;2;NA;1;"GY"
"267";0;1;4;NA;1;"GY"
"268";0;1;1;NA;1;"GY"
"269";0;0;0;NA;0;"RE"
"270";NA;0;1;NA;0;"RE"
"271";NA;1;0;NA;1;"RE"
"272";2;1;0;NA;0;"GY"
"273";0;0;2;NA;0;"GY"
"274";0;0;1;NA;1;"GY"
"275";0;0;0;NA;0;"GY"
"276";0;0;0;NA;1;"GY"
"277";0;0;0;NA;1;"GY"
"278";1;0;0;NA;0;"GY"
"279";0;0;1;NA;0;"GY"
"280";6;3;2;NA;1;"GY"
"281";0;0;0;NA;1;"GY"
"282";NA;4;4;NA;0;"RE"
"283";0;0;2;NA;0;"GY"
"284";NA;3;2;NA;1;"RE"
"285";NA;0;5;NA;1;"RE"
"286";0;0;0;NA;1;"GY"
"287";NA;1;0;NA;1;"GY"
"288";0;0;0;NA;1;"GY"
"289";2;2;3;NA;0;"GY"
"290";NA;5;11;NA;0;"GY"
"291";0;NA;0;NA;0;"GY"
"292";3;3;3;NA;0;"GY"
"293";NA;4;5;NA;1;"HA"
"294";NA;0;0;NA;0;"HA"
"295";0;NA;1;NA;0;"RE"
"296";0;0;0;NA;0;"GY"
"297";0;3;2;NA;0;"RE"
"298";NA;8;3;NA;0;"RE"
"299";1;4;1;NA;0;"RE"
"300";5;3;0;NA;1;"RE"
"301";NA;0;0;NA;0;"HA"
"302";0;0;12;NA;0;"HA"
"303";NA;7;13;NA;0;"HA"
"304";NA;0;0;NA;0;"HA"
"305";2;0;1;NA;0;"HA"
"306";2;0;2;NA;1;"HA"
"307";NA;1;0;NA;1;"HA"
"308";NA;1;1;NA;0;"RE"
"309";0;0;0;NA;1;"HA"
"310";0;0;1;NA;0;"HA"
"311";4;5;4;NA;0;"HA"
"312";NA;12;14;NA;0;"HA"
"313";NA;9;6;NA;0;"HA"
"314";NA;0;0;NA;0;"HA"
"315";NA;0;1;NA;0;"HA"
"316";0;1;0;NA;0;"HA"
"317";4;7;4;NA;0;"RE"
"318";NA;7;4;NA;1;"RE"
"319";NA;0;0;NA;0;"RE"
"320";NA;0;0;NA;1;"RE"
"321";0;0;0;NA;0;"GY"
"322";NA;4;5;NA;1;"GY"
"323";NA;0;1;NA;1;"RE"
"324";0;0;0;NA;1;"GY"
"325";0;0;0;NA;1;"GY"
"326";1;0;4;NA;1;"GY"
"327";NA;1;2;NA;1;"GY"
"328";NA;1;0;NA;0;"RE"
"329";0;3;2;NA;1;"GY"
"330";1;0;0;NA;1;"GY"
"331";NA;2;1;NA;1;"GY"
"332";NA;2;1;NA;0;"GY"
"333";0;1;0;NA;0;"GY"
"334";NA;4;1;NA;0;"RE"
"335";0;0;0;NA;0;"RE"
"336";0;0;0;NA;0;"RE"
"337";2;0;1;NA;0;"RE"
"338";0;0;3;NA;1;"RE"
"339";0;0;0;NA;0;"RE"
"340";0;NA;0;NA;0;"RE"
"341";0;1;1;NA;0;"RE"
"342";1;0;0;NA;0;"RE"
"343";0;0;0;NA;1;"RE"
"344";NA;0;0;NA;1;"RE"
"345";NA;0;0;NA;1;"RE"
"346";0;1;3;NA;0;"RE"
"347";0;0;0;NA;1;"RE"
"348";0;NA;11;NA;0;"HA"
"349";0;0;5;NA;0;"RE"
"350";1;1;4;NA;1;"RE"
"351";0;NA;0;NA;1;"GY"
"352";0;NA;1;NA;1;"GY"
"353";0;1;0;NA;1;"GY"
"354";0;NA;0;NA;1;"GY"
"355";0;0;0;NA;1;"GY"
"356";NA;0;2;NA;1;"GY"
"357";0;0;0;NA;1;"GY"
"358";0;0;1;NA;1;"GY"
"359";0;0;0;NA;1;"GY"
"360";NA;0;0;NA;1;"GY"
"361";NA;2;1;NA;1;"GY"
"362";NA;3;8;NA;0;"RE"
"363";0;0;0;NA;1;"RE"
"364";NA;1;3;NA;0;"RE"
"365";0;0;1;NA;0;"RE"
"366";NA;1;2;NA;1;"RE"
"367";NA;3;3;NA;0;"RE"
"368";3;2;1;NA;1;"RE"
"369";0;0;0;NA;1;"RE"
"370";0;0;1;NA;0;"RE"
"371";NA;0;3;NA;0;"RE"
"372";0;0;0;NA;0;"RE"
"373";NA;1;0;NA;1;"RE"
"374";9;0;0;NA;1;"RE"
"375";0;0;0;NA;1;"RE"
"376";0;0;1;NA;1;"RE"
"377";0;1;0;NA;1;"RE"
"378";NA;1;3;NA;1;"GY"
"379";0;0;0;NA;1;"GY"
"380";NA;0;1;NA;0;"GY"
"381";3;1;4;NA;0;"GY"
"382";NA;5;5;NA;0;"GY"
"383";1;1;3;NA;0;"GY"
"384";0;NA;3;NA;0;"RE"
"385";0;2;6;NA;0;"RE"
"386";NA;0;0;NA;1;"RE"
"387";NA;0;4;NA;0;"RE"
"388";NA;5;4;NA;0;"GY"
"389";NA;4;4;NA;0;"GY"
"390";0;0;0;NA;0;"GY"
"391";0;0;0;NA;1;"GY"
"392";0;NA;0;NA;0;"HA"
"393";0;3;1;NA;1;"RE"
"394";NA;0;0;NA;0;"GY"
"395";0;0;NA;NA;0;"GY"
"396";0;1;4;NA;0;"GY"
"397";3;2;0;NA;0;"GY"
"398";0;1;0;NA;1;"GY"
"399";NA;0;5;NA;1;"RE"
"400";0;0;0;NA;1;"RE"
"401";0;0;1;NA;1;"RE"
"402";1;0;0;NA;1;"GY"
"403";NA;0;0;NA;0;"GY"
"404";2;1;3;NA;0;"GY"
"405";1;1;2;NA;0;"GY"
"406";0;0;0;NA;0;"GY"
"407";1;0;0;NA;0;"GY"
"408";0;0;0;NA;0;"GY"
"409";NA;1;2;NA;0;"GY"
"410";0;8;8;NA;0;"GY"
"411";0;0;0;NA;1;"GY"
"412";NA;2;2;NA;1;"GY"
"413";0;2;2;NA;1;"GY"
"414";NA;1;2;NA;1;"HA"
"415";0;3;3;NA;0;"HA"
"416";0;0;0;NA;0;"HA"
"417";0;0;0;NA;0;"HA"
"418";1;NA;0;NA;0;"HA"
"419";1;1;1;NA;0;"RE"
"420";NA;0;0;NA;0;"RE"
"421";NA;1;5;NA;0;"RE"
"422";NA;3;3;NA;0;"RE"
"423";0;NA;0;NA;1;"GY"
"424";1;2;5;NA;0;"HA"
"425";0;0;3;NA;1;"HA"
"426";0;11;4;NA;0;"HA"
"427";0;0;7;NA;0;"HA"
"428";3;4;4;NA;0;"HA"
"429";0;0;1;NA;0;"HA"
"430";0;0;1;NA;0;"HA"
"431";5;1;4;NA;0;"HA"
"432";0;0;1;NA;0;"GY"
"433";0;0;11;NA;1;"HA"
"434";0;0;0;NA;1;"GY"
"435";0;0;1;NA;1;"GY"
"436";0;1;0;NA;1;"HA"
"437";0;2;3;NA;1;"HA"
"438";0;0;0;NA;1;"GY"
"439";NA;10;10;NA;0;"RE"
"440";1;0;0;NA;0;"HA"
"441";NA;0;2;NA;1;"GY"
"442";0;0;0;NA;1;"HA"
"443";0;0;2;NA;0;"HA"
"444";0;0;0;NA;1;"GY"
"445";0;0;1;NA;1;"GY"
"446";NA;0;1;NA;1;"GY"
"447";NA;1;0;NA;0;"HA"
"448";0;0;NA;NA;1;"GY"
"449";0;5;NA;NA;0;"HA"
"450";0;0;1;NA;1;"HA"
"451";1;5;3;NA;1;"HA"
"452";NA;4;6;NA;0;"HA"
"453";NA;7;6;NA;0;"HA"
"454";3;2;1;NA;0;"HA"
"455";0;4;1;NA;0;"HA"
"456";1;2;0;NA;0;"HA"
"457";0;0;0;NA;1;"RE"
"458";NA;1;0;NA;0;"HA"
"459";NA;0;9;NA;0;"RE"
"460";0;3;NA;NA;0;"HA"
"461";NA;0;0;NA;1;"HA"
"462";0;2;3;NA;0;"RE"
"463";NA;8;6;NA;0;"RE"
"464";0;1;0;NA;0;"RE"
"465";5;NA;2;NA;0;"RE"
"466";NA;4;3;NA;0;"HA"
"467";1;0;2;NA;0;"HA"
"468";NA;8;4;NA;0;"HA"
"469";2;0;1;NA;0;"HA"
"470";NA;3;5;NA;0;"HA"
"471";0;0;0;NA;1;"RE"
"472";NA;4;3;NA;0;"HA"
"473";1;3;1;NA;0;"HA"
"474";0;0;0;NA;1;"RE"
"475";NA;0;2;NA;0;"RE"
"476";3;6;5;NA;0;"RE"
"477";0;1;4;NA;0;"HA"
"478";NA;1;2;NA;0;"HA"
"479";NA;12;9;NA;0;"RE"
"480";NA;3;6;NA;0;"HA"
"481";4;3;1;NA;0;"HA"
"482";NA;2;3;NA;1;"RE"
"483";2;2;7;NA;0;"RE"
"484";0;0;0;NA;0;"GY"
"485";0;0;0;NA;1;"GY"
"486";0;0;0;NA;0;"GY"
"487";0;0;4;NA;1;"GY"
"488";0;0;0;NA;1;"GY"
"489";0;0;0;NA;1;"GY"
"490";0;0;0;NA;1;"GY"
"491";3;2;1;NA;0;"GY"
"492";0;0;4;NA;0;"GY"
"493";0;0;1;NA;1;"GY"
"494";0;1;1;NA;0;"GY"
"495";0;0;2;NA;0;"GY"
"496";0;0;0;NA;0;"GY"
"497";2;6;5;NA;0;"RE"
"498";NA;3;14;NA;0;"RE"
"499";0;0;0;NA;1;"RE"
"500";1;0;0;NA;0;"RE"
"501";0;0;0;NA;0;"RE"
"502";0;0;NA;NA;0;"RE"
"503";0;0;0;NA;1;"RE"
"504";1;4;2;NA;0;"RE"
"505";NA;0;0;NA;0;"RE"
"506";0;4;2;NA;0;"RE"
"507";NA;1;0;NA;0;"RE"
"508";NA;2;0;NA;0;"RE"
"509";0;0;1;NA;1;"RE"
"510";0;0;0;NA;1;"RE"
"511";0;0;0;NA;1;"HA"
"512";NA;0;0;NA;0;"HA"
"513";NA;1;1;NA;1;"HA"
"514";NA;0;1;NA;0;"RE"
"515";NA;4;1;NA;0;"HA"
"516";0;0;0;NA;0;"RE"
"517";NA;1;1;NA;1;"RE"
"518";0;1;8;NA;0;"RE"
"519";0;0;0;NA;0;"RE"
"520";0;0;0;NA;1;"RE"
"521";NA;4;5;NA;1;"RE"
"522";NA;2;5;NA;1;"RE"
"523";NA;2;1;NA;0;"HA"
"524";0;4;2;NA;0;"HA"
"525";0;1;2;NA;1;"HA"
"526";NA;4;4;NA;0;"RE"
"527";0;0;0;NA;1;"RE"
"528";3;1;1;NA;1;"RE"
"529";0;2;0;NA;1;"HA"
"530";NA;0;0;NA;1;"HA"
"531";NA;0;0;NA;1;"HA"
"532";NA;0;0;NA;1;"HA"
"533";2;13;0;NA;0;"HA"
"534";0;1;0;NA;0;"HA"
"535";0;1;0;NA;0;"HA"
"536";0;1;3;NA;0;"HA"
"537";NA;0;1;NA;1;"HA"
"538";NA;0;0;NA;1;"HA"
"539";2;NA;1;NA;1;"HA"
"540";0;3;2;NA;0;"HA"
"541";NA;1;2;NA;0;"HA"
"542";NA;0;0;NA;0;"HA"
"543";0;NA;1;NA;0;"GY"
"544";0;0;0;NA;1;"GY"
"545";1;NA;1;NA;0;"GY"
"546";NA;5;5;NA;0;"RE"
"547";0;1;1;NA;1;"RE"
"548";NA;6;2;NA;0;"GY"
"549";2;6;8;NA;0;"GY"
"550";5;NA;3;NA;0;"GY"
"551";NA;7;7;NA;0;"GY"
"552";0;0;3;NA;0;"HA"
"553";3;5;10;NA;0;"HA"
"554";1;3;6;NA;0;"HA"
"555";0;NA;0;NA;1;"GY"
"556";NA;4;1;NA;0;"HA"
"557";2;0;0;NA;1;"HA"
"558";NA;0;0;NA;1;"HA"
"559";NA;0;0;NA;0;"HA"
"560";4;9;3;NA;0;"HA"
"561";NA;0;0;NA;0;"HA"
"562";NA;4;4;NA;1;"HA"
"563";NA;1;2;NA;0;"HA"
"564";NA;10;10;NA;0;"HA"
"565";0;1;NA;NA;0;"HA"
"566";3;4;1;NA;0;"HA"
"567";NA;0;0;NA;1;"HA"
"568";NA;0;0;NA;0;"HA"
"569";0;0;NA;NA;0;"HA"
"570";NA;0;0;NA;1;"HA"
"571";0;0;0;NA;1;"HA"
"572";NA;1;0;NA;1;"HA"
"573";1;1;2;NA;0;"HA"
"574";0;6;3;4;0;"HA"
"575";1;3;1;2;0;"HA"
"576";NA;4;6;5;0;"HA"
"577";NA;7;2;1;1;"HA"
"578";3;5;2;4;1;"HA"
"579";2;3;0;0;0;"HA"
"580";1;1;1;0;1;"HA"
"581";0;0;4;2;1;"HA"
"582";0;0;0;0;1;"HA"
"583";0;1;0;0;1;"HA"
"584";NA;NA;1;1;1;"RE"
"585";0;0;0;0;1;"RE"
"586";3;6;4;5;1;"RE"
"587";NA;1;2;1;1;"RE"
"588";0;0;0;0;0;"RE"
"589";0;0;0;0;0;"RE"
"590";1;2;1;2;1;"RE"
"591";1;3;0;2;0;"RE"
"592";0;1;0;3;0;"RE"
"593";0;0;2;0;0;"RE"
"594";NA;NA;0;0;0;"RE"
"595";0;0;0;0;0;"RE"
"596";NA;NA;2;0;0;"RE"
"597";0;0;0;0;1;"RE"
"598";0;0;1;0;1;"RE"
"599";0;0;0;0;1;"RE"
"600";NA;0;0;0;0;"RE"
"601";NA;4;3;2;0;"RE"
"602";NA;0;1;3;0;"RE"
"603";5;6;10;7;0;"RE"
"604";4;4;0;3;0;"RE"
"605";0;0;0;5;0;"RE"
"606";1;0;1;0;1;"RE"
"607";0;0;1;0;1;"RE"
"608";NA;3;4;2;1;"RE"
"609";NA;NA;0;1;1;"RE"
"610";NA;0;0;0;0;"RE"
"611";NA;0;0;0;1;"RE"
"612";NA;0;0;0;1;"RE"
"613";NA;NA;3;1;0;"RE"
"614";NA;10;NA;1;1;"RE"
"615";NA;NA;1;1;0;"GY"
"616";NA;5;8;1;0;"RE"
"617";NA;NA;0;2;0;"RE"
"618";NA;NA;10;6;0;"RE"
"619";0;0;0;0;0;"RE"
"620";0;0;0;0;0;"RE"
"621";0;1;1;0;1;"RE"
"622";1;1;1;1;1;"RE"
"623";NA;5;7;2;1;"RE"
"624";1;0;0;0;1;"RE"
"625";0;0;0;0;0;"RE"
"626";1;1;1;0;1;"RE"
"627";NA;0;0;0;0;"RE"
"628";NA;NA;2;0;0;"RE"
"629";1;NA;NA;10;0;"RE"
"630";NA;NA;3;5;0;"RE"
"631";2;5;4;4;0;"RE"
"632";NA;1;0;0;1;"GY"
"633";0;0;1;0;0;"GY"
"634";0;0;0;0;0;"GY"
"635";0;0;0;0;1;"GY"
"636";0;2;0;0;1;"GY"
"637";NA;0;0;0;0;"GY"
"638";0;0;0;0;0;"GY"
"639";NA;NA;0;2;0;"GY"
"640";0;0;0;0;0;"GY"
"641";NA;NA;2;2;0;"GY"
"642";7;5;9;7;0;"GY"
"643";0;0;0;0;0;"GY"
"644";0;0;0;0;0;"GY"
"645";0;0;0;1;1;"GY"
"646";0;0;0;0;1;"GY"
"647";1;0;0;1;1;"GY"
"648";NA;0;0;0;1;"GY"
"649";0;0;0;0;1;"GY"
"650";0;1;1;0;1;"GY"
"651";0;0;0;0;1;"GY"
"652";0;0;0;0;1;"GY"
"653";0;0;0;0;1;"GY"
"654";1;0;0;0;1;"GY"
"655";0;0;0;0;1;"GY"
"656";0;0;0;0;1;"GY"
"657";0;NA;NA;0;1;"GY"
"658";NA;NA;0;1;1;"GY"
"659";0;0;0;0;1;"GY"
"660";0;0;0;0;1;"GY"
"661";0;0;0;0;1;"GY"
"662";0;0;0;0;1;"GY"
"663";NA;0;NA;0;1;"GY"
"664";NA;0;NA;0;1;"GY"
"665";NA;NA;7;1;1;"GY"
"666";NA;0;0;0;1;"GY"
"667";NA;0;1;0;1;"GY"
"668";0;0;0;0;1;"GY"
"669";0;0;0;0;1;"GY"
"670";0;0;0;0;1;"GY"
"671";0;NA;0;0;1;"GY"
"672";NA;NA;1;1;1;"GY"
"673";0;0;0;0;1;"GY"
"674";NA;NA;0;0;1;"GY"
"675";0;0;0;0;1;"GY"
"676";0;NA;0;0;1;"GY"
"677";0;0;0;0;1;"GY"
"678";0;0;0;0;1;"GY"
"679";0;0;0;0;1;"GY"
"680";1;2;0;0;1;"GY"
"681";NA;NA;2;0;0;"GY"
"682";0;0;0;0;0;"GY"
"683";0;0;0;0;0;"GY"
"684";0;0;0;0;0;"GY"
"685";0;0;0;0;0;"GY"
"686";0;0;0;0;0;"GY"
"687";NA;0;0;0;0;"GY"
"688";0;NA;0;0;0;"GY"
"689";0;0;0;0;1;"GY"
"690";NA;NA;0;0;1;"GY"
"691";0;0;4;2;1;"GY"
"692";NA;5;NA;0;0;"GY"
"693";NA;NA;0;0;0;"GY"
"694";0;0;0;0;0;"GY"
"695";2;1;0;1;1;"GY"
"696";0;0;0;0;1;"GY"
"697";0;0;1;1;1;"GY"
"698";1;1;2;4;0;"GY"
"699";NA;0;0;0;0;"GY"
"700";0;0;0;0;0;"GY"
"701";1;0;1;1;1;"GY"
"702";0;0;0;0;1;"GY"
"703";NA;0;0;1;0;"HA"
"704";NA;0;0;0;0;"HA"
"705";NA;NA;2;0;0;"HA"
"706";NA;0;2;2;1;"HA"
"707";NA;1;0;0;1;"HA"
"708";NA;NA;3;0;1;"HA"
"709";NA;NA;7;0;0;"HA"
"710";NA;NA;3;2;0;"HA"
"711";0;0;0;0;1;"HA"
"712";0;0;0;0;1;"HA"
"713";NA;5;6;3;0;"HA"
"714";NA;2;0;5;0;"HA"
"715";NA;0;0;0;1;"GY"
"716";NA;0;0;0;1;"GY"
"717";NA;NA;3;2;0;"GY"
"718";NA;8;8;5;0;"GY"
"719";0;0;0;0;1;"GY"
"720";NA;NA;1;0;1;"GY"
"721";NA;NA;3;3;0;"GY"
"722";0;0;0;0;1;"GY"
"723";0;NA;NA;2;1;"GY"
"724";NA;NA;0;1;1;"GY"
"725";0;0;0;0;1;"GY"
"726";0;0;0;0;1;"GY"
"727";0;0;0;0;1;"GY"
"728";NA;1;0;1;0;"GY"
"729";0;NA;0;0;1;"GY"
"730";NA;NA;0;0;0;"GY"
"731";0;1;0;1;0;"GY"
"732";NA;0;0;0;0;"GY"
"733";NA;NA;0;0;0;"GY"
"734";NA;2;0;0;0;"GY"
"735";2;1;1;1;0;"GY"
"736";6;1;NA;NA;0;"GY"
"737";NA;NA;3;1;0;"GY"
"738";0;0;0;0;0;"GY"
"739";1;0;2;2;0;"GY"
"740";0;0;0;0;1;"GY"
"741";0;0;0;1;0;"GY"
"742";NA;NA;1;1;1;"GY"
"743";NA;NA;3;3;1;"GY"
"744";0;0;0;0;1;"GY"
"745";0;0;1;3;1;"GY"
"746";NA;0;1;1;0;"GY"
"747";0;0;1;0;0;"GY"
"748";0;1;2;0;0;"GY"
"749";0;0;0;0;0;"GY"
"750";0;0;0;0;0;"GY"
"751";0;0;0;0;0;"GY"
"752";NA;NA;0;0;0;"GY"
"753";0;0;0;0;0;"RE"
"754";0;0;0;0;1;"RE"
"755";1;0;0;0;1;"RE"
"756";0;1;0;0;1;"RE"
"757";NA;0;0;0;1;"RE"
"758";NA;NA;2;3;0;"RE"
"759";0;0;0;0;1;"RE"
"760";NA;0;1;1;0;"RE"
"761";1;NA;NA;1;0;"RE"
"762";NA;0;0;0;1;"RE"
"763";NA;NA;0;0;1;"RE"
"764";NA;1;0;0;1;"RE"
"765";NA;6;4;5;0;"RE"
"766";3;4;7;8;0;"RE"
"767";1;0;1;0;1;"RE"
"768";NA;0;0;0;1;"RE"
"769";0;0;0;0;1;"RE"
"770";0;0;0;1;0;"RE"
"771";0;0;0;0;0;"RE"
"772";NA;0;0;0;0;"RE"
"773";0;0;0;0;0;"RE"
"774";NA;NA;0;2;0;"RE"
"775";NA;NA;0;0;0;"HA"
"776";1;0;1;1;1;"HA"
"777";NA;2;3;1;1;"HA"
"778";5;0;3;3;1;"HA"
"779";0;0;0;0;0;"HA"
"780";0;0;0;1;0;"HA"
"781";NA;NA;7;7;0;"HA"
"782";NA;NA;6;2;0;"HA"
"783";NA;NA;1;2;0;"HA"
"784";0;0;0;0;1;"HA"
"785";0;0;0;0;1;"HA"
"786";0;NA;NA;1;1;"HA"
"787";1;NA;NA;3;0;"HA"
"788";NA;5;NA;2;0;"HA"
"789";1;0;3;2;0;"HA"
"790";NA;1;0;0;1;"GY"
"791";NA;NA;0;0;1;"GY"
"792";NA;NA;0;1;1;"GY"
"793";NA;NA;0;0;1;"GY"
"794";0;0;0;1;1;"GY"
"795";0;1;1;1;0;"GY"
"796";1;0;0;0;1;"GY"
"797";0;1;0;0;1;"GY"
"798";0;NA;0;1;0;"GY"
"799";NA;1;4;2;1;"GY"
"800";1;1;1;1;1;"GY"
"801";0;0;0;2;1;"GY"
"802";0;0;0;0;1;"GY"
"803";0;0;0;0;1;"GY"
"804";0;0;0;0;1;"GY"
"805";NA;0;0;0;1;"GY"
"806";0;0;0;0;1;"GY"
"807";NA;NA;1;0;0;"GY"
"808";0;0;0;0;0;"GY"
"809";0;0;0;0;0;"GY"
"810";NA;NA;0;0;0;"GY"
"811";0;0;0;0;0;"GY"
"812";NA;NA;2;0;0;"GY"
"813";0;0;0;0;0;"GY"
"814";2;NA;NA;4;0;"GY"
"815";0;0;0;0;0;"GY"
"816";0;0;0;0;0;"GY"
"817";1;0;0;0;1;"RE"
"818";0;0;0;0;1;"RE"
"819";NA;0;0;0;1;"RE"
"820";NA;NA;0;0;0;"RE"
"821";1;3;6;5;0;"RE"
"822";NA;0;0;0;1;"RE"
"823";0;0;0;0;1;"RE"
"824";0;0;1;1;0;"RE"
"825";0;0;0;0;0;"RE"
"826";0;1;2;1;0;"RE"
"827";0;0;0;0;0;"RE"
"828";0;0;0;0;1;"RE"
"829";0;4;3;2;0;"RE"
"830";NA;NA;0;0;0;"RE"
"831";NA;2;5;1;1;"RE"
"832";4;3;0;0;0;"RE"
"833";NA;3;NA;0;0;"RE"
"834";NA;NA;0;0;0;"HA"
"835";NA;NA;0;0;0;"HA"
"836";0;0;0;0;1;"HA"
"837";0;1;1;0;1;"HA"
"838";NA;0;2;4;0;"HA"
"839";NA;2;6;3;0;"HA"
"840";NA;NA;0;2;1;"HA"
"841";NA;NA;0;0;1;"HA"
"842";NA;NA;0;0;1;"HA"
"843";1;0;0;4;1;"HA"
"844";0;0;0;5;1;"HA"
"845";2;NA;1;1;1;"HA"
"846";NA;NA;1;2;1;"HA"
"847";0;2;1;2;0;"HA"
"848";0;0;5;2;0;"HA"
"849";NA;0;0;0;0;"HA"
"850";1;6;5;2;1;"HA"
"851";0;1;0;0;0;"HA"
"852";0;0;2;1;0;"HA"
"853";1;0;0;0;1;"HA"
"854";0;1;3;0;1;"HA"
"855";NA;2;NA;1;0;"GY"
"856";0;0;1;0;1;"HA"
"857";0;4;1;0;1;"HA"
"858";0;0;1;0;1;"RE"
"859";NA;1;2;0;1;"HA"
"860";NA;NA;0;0;1;"HA"
"861";6;3;3;4;0;"HA"
"862";5;NA;3;4;0;"RE"
"863";0;0;1;1;1;"HA"
"864";NA;8;2;1;1;"HA"
"865";NA;0;0;5;0;"HA"
"866";0;1;0;3;0;"HA"
"867";0;NA;NA;0;1;"HA"
"868";NA;NA;1;0;0;"RE"
"869";1;0;0;0;0;"RE"
"870";3;4;3;0;0;"RE"
"871";0;0;1;0;1;"RE"
"872";NA;0;0;0;1;"RE"
"873";2;0;0;0;0;"RE"
"874";NA;NA;3;1;0;"RE"
"875";0;1;0;0;0;"RE"
"876";0;1;1;1;0;"RE"
"877";NA;NA;2;1;1;"RE"
"878";NA;NA;8;5;0;"RE"
"879";NA;NA;0;0;1;"RE"
"880";0;0;1;0;1;"GY"
"881";1;0;0;0;0;"RE"
"882";0;0;0;0;1;"RE"
"883";0;0;0;0;1;"RE"
"884";1;6;1;4;0;"RE"
"885";NA;NA;0;0;1;"RE"
"886";NA;2;1;1;1;"RE"
"887";0;0;0;0;1;"RE"
"888";1;0;1;0;1;"RE"
"889";NA;4;4;4;1;"HA"
"890";0;NA;NA;1;0;"HA"
"891";NA;2;3;2;0;"HA"
"892";0;1;0;0;1;"HA"
"893";NA;NA;2;1;1;"HA"
"894";1;1;2;1;1;"HA"
"895";NA;1;8;3;1;"HA"
"896";0;0;0;0;0;"HA"
"897";NA;NA;15;2;0;"HA"
"898";1;5;13;11;0;"HA"
"899";NA;NA;0;1;0;"HA"
"900";NA;NA;0;0;0;"HA"
"901";NA;NA;1;2;1;"HA"
"902";NA;1;0;0;1;"RE"
"903";0;1;1;1;1;"GY"
"904";0;0;0;0;1;"RE"
"905";NA;NA;0;0;1;"RE"
"906";0;0;0;0;1;"RE"
"907";0;0;0;0;1;"RE"
"908";NA;NA;9;7;0;"RE"
"909";0;0;3;2;1;"RE"
"910";NA;6;6;6;0;"RE"
"911";NA;0;0;0;0;"RE"
"912";0;5;1;0;0;"RE"
"913";NA;NA;0;0;1;"RE"
"914";0;1;2;1;0;"RE"
"915";0;0;0;0;0;"RE"
"916";NA;NA;3;2;0;"RE"
"917";0;1;1;1;0;"RE"
"918";3;1;0;0;0;"RE"
"919";1;1;3;3;0;"RE"
"920";0;0;3;0;1;"RE"
"921";0;0;0;0;1;"RE"
"922";0;NA;NA;0;0;"RE"
"923";1;7;11;5;0;"RE"
"924";0;1;0;2;0;"GY"
"925";NA;14;0;0;0;"GY"
"926";0;0;0;0;1;"GY"
"927";0;0;0;0;1;"GY"
"928";0;0;0;0;1;"GY"
"929";7;7;3;3;0;"GY"
"930";NA;NA;2;2;0;"GY"
"931";NA;2;1;1;0;"GY"
"932";NA;NA;0;1;1;"RE"
"933";NA;0;0;0;1;"GY"
"934";2;1;2;2;1;"GY"
"935";0;0;0;1;1;"GY"
"936";0;0;0;0;1;"GY"
"937";NA;NA;1;0;0;"GY"
"938";0;1;0;0;0;"GY"
"939";0;1;1;0;1;"GY"
"940";NA;1;2;6;0;"HA"
"941";NA;NA;6;6;0;"HA"
"942";5;8;5;5;0;"HA"
"943";3;3;6;2;0;"HA"
"944";1;0;2;1;0;"RE"
"945";2;NA;0;0;0;"RE"
"946";8;1;0;0;0;"RE"
"947";NA;NA;1;1;0;"RE"
"948";0;0;0;0;0;"RE"
"949";0;0;0;0;0;"RE"
"950";NA;NA;2;2;0;"RE"
"951";NA;NA;6;3;0;"RE"
"952";0;0;0;0;1;"RE"
"953";0;0;0;0;1;"RE"
"954";NA;NA;8;3;0;"RE"
"955";NA;0;0;0;1;"RE"
"956";NA;0;0;0;1;"RE"
"957";NA;0;1;1;1;"RE"
"958";3;2;1;1;0;"RE"
"959";NA;2;0;0;1;"RE"
"960";0;NA;NA;1;1;"RE"
"961";0;0;0;0;1;"RE"
"962";0;0;0;0;1;"RE"
"963";0;NA;0;0;1;"RE"
"964";NA;NA;2;3;1;"RE"
"965";0;2;2;1;1;"RE"
"966";NA;3;0;1;1;"RE"
"967";NA;NA;2;2;0;"RE"
"968";NA;NA;2;2;1;"RE"
"969";2;2;1;1;1;"RE"
"970";NA;NA;7;3;0;"RE"
"971";2;1;1;1;1;"RE"
"972";3;NA;NA;8;0;"RE"
"973";NA;NA;5;3;0;"RE"
"974";0;0;1;0;0;"RE"
"975";0;0;0;0;0;"RE"
"976";0;7;2;1;0;"RE"
"977";0;0;0;0;0;"RE"
"978";NA;NA;11;6;0;"RE"
"979";NA;NA;3;1;0;"RE"
"980";3;0;1;2;0;"RE"
"981";0;1;2;2;0;"RE"
"982";0;1;1;1;0;"RE"
"983";0;NA;0;0;0;"GY"
"984";NA;0;0;0;0;"RE"
"985";0;0;1;0;1;"HA"
"986";0;0;0;0;1;"HA"
"987";0;0;0;0;1;"HA"
"988";NA;0;0;0;1;"HA"
"989";0;2;5;NA;0;"HA"
"990";NA;1;0;0;1;"HA"
"991";NA;0;0;0;1;"HA"
"992";NA;0;0;0;1;"HA"
"993";NA;1;0;1;1;"HA"
"994";NA;NA;5;6;0;"HA"
"995";4;7;6;8;0;"HA"
"996";1;3;1;2;1;"HA"
"997";2;3;3;0;0;"HA"
"998";0;0;0;0;0;"HA"
"999";NA;5;4;4;0;"HA"
"1000";NA;8;6;5;0;"HA"
"1001";0;0;0;0;0;"GY"
"1002";NA;NA;1;2;0;"GY"
"1003";0;0;1;1;0;"GY"
"1004";0;0;0;0;1;"GY"
"1005";0;0;0;0;1;"GY"
"1006";0;0;0;1;1;"GY"
"1007";0;0;0;0;1;"GY"
"1008";NA;NA;6;6;0;"GY"
"1009";0;0;0;0;1;"GY"
"1010";NA;1;1;1;1;"GY"
"1011";0;NA;NA;0;0;"GY"
"1012";NA;0;0;0;0;"GY"
"1013";0;0;0;0;1;"GY"
"1014";NA;NA;0;0;1;"GY"
"1015";0;0;0;0;0;"GY"
"1016";NA;NA;0;0;1;"GY"
"1017";0;0;0;0;1;"GY"
"1018";0;0;0;0;0;"GY"
"1019";0;0;0;0;1;"GY"
"1020";0;0;0;0;0;"GY"
"1021";0;0;1;0;1;"GY"
"1022";0;NA;0;0;1;"GY"
"1023";0;0;0;0;0;"GY"
"1024";0;0;0;0;0;"GY"
"1025";0;NA;0;0;1;"GY"
"1026";0;0;0;0;1;"GY"
"1027";0;0;0;0;0;"GY"
"1028";0;0;0;0;0;"GY"
"1029";0;0;0;0;0;"GY"
"1030";0;0;0;0;1;"RE"
"1031";0;0;0;0;1;"RE"
"1032";0;0;0;0;1;"RE"
"1033";NA;0;0;0;1;"RE"
"1034";0;0;0;0;1;"RE"
"1035";NA;NA;0;0;1;"RE"
"1036";NA;NA;0;0;0;"RE"
"1037";0;0;1;3;0;"RE"
"1038";0;0;0;0;0;"RE"
"1039";NA;0;0;0;0;"RE"
"1040";0;0;1;0;0;"RE"
"1041";NA;1;0;0;0;"RE"
"1042";NA;NA;0;1;0;"RE"
"1043";1;0;0;3;0;"GY"
"1044";NA;NA;0;0;1;"RE"
"1045";0;0;0;0;1;"RE"
"1046";3;1;0;1;0;"RE"
"1047";4;0;0;1;0;"RE"
"1048";0;NA;NA;0;0;"RE"
"1049";NA;NA;2;4;1;"RE"
"1050";0;0;0;0;0;"RE"
"1051";NA;0;0;0;1;"RE"
"1052";1;NA;NA;0;1;"RE"
"1053";1;NA;0;0;1;"RE"
"1054";0;0;0;0;1;"RE"
"1055";0;0;0;1;1;"RE"
"1056";0;3;1;1;1;"RE"
"1057";0;0;0;0;1;"RE"
"1058";0;0;0;0;1;"RE"
"1059";NA;3;1;1;0;"RE"
"1060";NA;NA;4;3;1;"RE"
"1061";0;0;0;1;1;"RE"
"1062";0;0;1;2;1;"RE"
"1063";0;0;0;0;0;"RE"
"1064";NA;NA;0;0;0;"RE"
"1065";NA;NA;0;1;0;"RE"
"1066";NA;NA;9;9;0;"RE"
"1067";NA;NA;0;2;1;"RE"
"1068";NA;NA;0;1;0;"RE"
"1069";NA;NA;1;0;1;"RE"
"1070";0;0;NA;0;1;"RE"
"1071";NA;NA;0;0;1;"RE"
"1072";0;NA;NA;0;0;"RE"
"1073";2;2;1;0;0;"RE"
"1074";NA;NA;7;5;0;"RE"
"1075";NA;NA;4;0;1;"RE"
"1076";NA;4;0;0;1;"RE"
"1077";NA;NA;0;1;1;"RE"
"1078";2;0;0;0;0;"RE"
"1079";0;0;0;0;0;"RE"
"1080";0;0;1;1;0;"RE"
"1081";NA;NA;0;0;1;"RE"
"1082";NA;1;0;0;1;"HA"
"1083";0;0;0;0;1;"RE"
"1084";0;0;0;0;1;"RE"
"1085";0;0;0;0;1;"RE"
"1086";0;0;0;0;1;"RE"
"1087";NA;0;0;0;1;"RE"
"1088";0;0;0;0;1;"RE"
"1089";1;1;0;0;1;"RE"
"1090";0;1;0;0;1;"RE"
"1091";2;1;0;1;1;"RE"
"1092";1;1;4;3;0;"RE"
"1093";3;3;7;3;0;"RE"
"1094";0;NA;0;3;0;"RE"
"1095";4;1;1;0;1;"RE"
"1096";NA;2;3;2;0;"RE"
"1097";0;0;0;0;1;"RE"
"1098";0;0;0;0;1;"RE"
"1099";NA;NA;0;0;1;"RE"
"1100";0;1;NA;1;1;"RE"
"1101";0;0;0;0;0;"RE"
"1102";0;5;5;2;1;"GY"
"1103";NA;0;0;0;1;"GY"
"1104";0;NA;0;0;1;"GY"
"1105";0;0;1;2;0;"GY"
"1106";0;0;0;0;1;"GY"
"1107";0;5;3;1;1;"GY"
"1108";0;1;0;0;0;"GY"
"1109";0;0;0;0;1;"GY"
"1110";0;0;0;0;1;"GY"
"1111";0;0;0;0;0;"GY"
"1112";0;0;0;0;0;"GY"
"1113";NA;0;0;0;0;"GY"
"1114";0;0;0;0;0;"GY"
"1115";0;1;1;1;0;"GY"
"1116";0;1;1;0;1;"GY"
"1117";0;0;0;0;1;"GY"
"1118";0;NA;NA;1;0;"GY"
"1119";0;0;1;1;0;"GY"
"1120";NA;NA;1;2;0;"GY"
"1121";0;0;0;0;0;"GY"
"1122";0;0;1;0;1;"GY"
"1123";0;0;0;0;1;"GY"
"1124";0;0;0;0;0;"GY"
"1125";0;0;0;0;0;"GY"
"1126";1;2;0;0;0;"GY"
"1127";0;0;0;1;0;"GY"
"1128";NA;NA;0;0;0;"GY"
"1129";0;0;1;0;0;"GY"
"1130";0;0;NA;2;1;"GY"
"1131";NA;6;1;1;0;"GY"
"1132";0;0;0;0;1;"GY"
"1133";0;0;0;0;1;"GY"
"1134";NA;0;0;0;1;"GY"
"1135";0;1;0;0;1;"GY"
"1136";NA;NA;0;1;1;"GY"
"1137";0;0;0;1;0;"GY"
"1138";NA;NA;0;1;0;"GY"
"1139";NA;0;0;0;0;"GY"
"1140";1;7;4;4;0;"GY"
"1141";0;0;0;0;1;"GY"
"1142";0;0;1;1;1;"GY"
"1143";0;1;1;1;0;"GY"
"1144";NA;1;3;2;1;"GY"
"1145";NA;0;1;4;0;"GY"
"1146";0;3;5;8;0;"GY"
"1147";0;0;0;0;1;"GY"
"1148";0;0;0;0;0;"GY"
"1149";0;1;1;2;0;"GY"
"1150";0;0;1;0;0;"GY"
"1151";NA;0;1;2;1;"GY"
"1152";NA;0;1;1;1;"GY"
"1153";0;0;0;0;1;"GY"
"1154";NA;NA;1;0;1;"RE"
"1155";0;0;0;0;1;"RE"
"1156";NA;1;1;0;1;"RE"
"1157";NA;1;1;1;1;"RE"
"1158";NA;2;2;1;1;"RE"
"1159";NA;NA;1;0;1;"RE"
"1160";NA;0;2;1;1;"RE"
"1161";0;2;0;0;0;"RE"
"1162";1;0;0;0;1;"RE"
"1163";0;0;0;0;1;"RE"
"1164";0;0;0;0;1;"RE"
"1165";1;3;0;0;0;"RE"
"1166";2;NA;3;3;1;"RE"
"1167";0;1;3;3;1;"RE"
"1168";1;0;0;0;0;"RE"
"1169";2;1;1;1;0;"RE"
"1170";1;0;0;1;1;"RE"
"1171";0;2;0;0;0;"RE"
"1172";0;0;0;0;1;"GY"
"1173";0;0;2;0;1;"GY"
"1174";NA;NA;6;4;1;"GY"
"1175";0;0;1;0;1;"GY"
"1176";8;NA;NA;0;1;"GY"
"1177";2;5;3;5;0;"GY"
"1178";NA;2;3;2;0;"GY"
"1179";2;1;5;8;0;"GY"
"1180";NA;NA;1;2;0;"GY"
"1181";0;0;0;0;0;"GY"
"1182";NA;0;0;0;0;"HA"
"1183";0;0;0;0;0;"HA"
"1184";NA;NA;1;0;0;"HA"
"1185";NA;0;0;0;0;"HA"
"1186";NA;0;0;2;0;"HA"
"1187";0;0;2;0;0;"HA"
"1188";NA;NA;0;0;0;"HA"
"1189";0;0;0;0;0;"HA"
"1190";NA;0;0;0;0;"HA"
"1191";0;0;0;4;1;"HA"
"1192";NA;1;0;1;1;"HA"
"1193";0;1;4;3;0;"HA"
"1194";NA;0;1;0;0;"HA"
"1195";0;0;0;0;1;"HA"
"1196";NA;1;4;3;0;"HA"
"1197";NA;2;1;NA;0;"HA"
"1198";NA;NA;4;3;0;"HA"
"1199";0;0;0;0;1;"HA"
"1200";0;2;1;0;0;"HA"
"1201";NA;2;5;1;1;"GY"
"1202";NA;0;0;0;0;"GY"
"1203";NA;NA;1;1;0;"GY"
"1204";NA;NA;4;1;0;"GY"
"1205";0;0;0;0;0;"GY"
"1206";0;0;0;0;0;"GY"
"1207";0;0;0;0;0;"GY"
"1208";0;0;0;0;1;"GY"
"1209";0;0;0;0;1;"GY"
"1210";NA;NA;1;1;0;"GY"
"1211";NA;2;3;1;0;"GY"
"1212";1;0;1;2;0;"GY"
"1213";0;0;0;0;0;"GY"
"1214";NA;NA;0;0;1;"RE"
"1215";0;3;NA;2;0;"RE"
"1216";NA;NA;3;3;1;"RE"
"1217";0;0;0;1;1;"RE"
"1218";NA;0;0;0;1;"RE"
"1219";NA;NA;0;0;1;"RE"
"1220";0;1;2;0;1;"RE"
"1221";NA;0;NA;1;0;"RE"
"1222";NA;0;1;0;0;"RE"
"1223";NA;NA;1;0;0;"RE"
"1224";0;NA;0;0;0;"RE"
"1225";NA;0;0;0;1;"RE"
"1226";NA;2;1;1;1;"RE"
"1227";0;0;3;6;1;"RE"
"1228";NA;3;3;1;1;"RE"
"1229";NA;0;0;4;1;"RE"
"1230";0;0;NA;0;1;"RE"
"1231";NA;5;3;9;0;"RE"
"1232";NA;NA;0;2;0;"RE"
"1233";0;0;0;0;1;"RE"
"1234";2;5;2;3;0;"RE"
"1235";0;0;2;1;1;"RE"
"1236";0;0;1;0;1;"RE"
"1237";NA;4;2;2;0;"RE"
"1238";0;0;0;0;0;"RE"
"1239";0;0;0;1;0;"RE"
"1240";0;3;2;2;0;"RE"
"1241";2;0;0;1;0;"RE"
"1242";NA;5;4;4;1;"RE"
"1243";NA;NA;3;1;0;"RE"
"1244";0;1;3;2;0;"RE"
"1245";NA;NA;2;2;0;"RE"
"1246";0;3;4;9;0;"RE"
"1247";NA;NA;1;1;0;"RE"
"1248";0;0;0;0;1;"RE"
"1249";1;1;2;3;0;"RE"
"1250";0;0;0;0;1;"RE"
"1251";NA;0;0;1;1;"RE"
"1252";NA;0;3;3;1;"RE"
"1253";0;2;1;3;1;"RE"
"1254";NA;0;0;0;0;"RE"
"1255";NA;0;0;0;0;"RE"
"1256";0;0;0;0;1;"GY"
"1257";NA;0;0;0;1;"GY"
"1258";0;0;0;0;1;"GY"
"1259";NA;NA;0;0;1;"GY"
"1260";0;0;0;2;1;"GY"
"1261";1;NA;NA;1;1;"GY"
"1262";0;0;0;0;1;"GY"
"1263";NA;NA;0;0;1;"GY"
"1264";NA;NA;1;2;0;"GY"
"1265";0;0;4;0;0;"GY"
"1266";NA;1;4;2;0;"GY"
"1267";0;0;0;0;0;"GY"
"1268";0;2;3;4;0;"GY"
"1269";NA;0;0;0;1;"GY"
"1270";0;0;0;0;1;"GY"
"1271";0;1;0;0;1;"GY"
"1272";NA;NA;0;0;1;"GY"
"1273";0;0;0;0;1;"GY"
"1274";0;1;1;0;1;"GY"
"1275";NA;NA;0;0;1;"GY"
"1276";1;0;0;0;1;"GY"
"1277";0;NA;1;0;1;"GY"
"1278";NA;2;2;3;0;"GY"
"1279";NA;NA;4;7;0;"GY"
"1280";0;0;2;3;1;"GY"
"1281";0;0;0;0;1;"GY"
"1282";0;0;0;2;0;"HA"
"1283";0;2;1;1;0;"HA"
"1284";2;4;1;1;1;"HA"
"1285";NA;NA;1;0;1;"HA"
"1286";1;1;0;1;1;"HA"
"1287";NA;NA;4;3;1;"HA"
"1288";0;0;0;1;0;"RE"
"1289";0;0;3;1;0;"HA"
"1290";1;NA;NA;0;1;"HA"
"1291";NA;0;0;0;0;"HA"
"1292";NA;0;0;0;0;"HA"
"1293";1;1;0;0;1;"HA"
"1294";NA;NA;2;0;1;"HA"
"1295";0;0;0;0;1;"GY"
"1296";0;0;1;0;1;"GY"
"1297";0;0;1;0;1;"GY"
"1298";NA;NA;0;0;1;"GY"
"1299";0;0;0;0;1;"GY"
"1300";1;0;0;0;1;"GY"
"1301";1;0;0;0;1;"GY"
"1302";0;0;1;0;1;"GY"
"1303";0;0;0;0;1;"GY"
"1304";0;0;0;0;1;"GY"
"1305";0;0;0;0;0;"GY"
"1306";0;0;0;0;0;"GY"
"1307";0;1;0;0;0;"GY"
"1308";0;0;1;1;0;"GY"
"1309";NA;0;0;0;0;"GY"
"1310";0;0;0;0;0;"GY"
"1311";0;0;0;0;0;"GY"
"1312";NA;NA;12;0;0;"GY"
"1313";0;1;13;1;0;"GY"
"1314";0;0;4;1;0;"GY"
"1315";0;0;0;0;0;"GY"
"1316";0;0;0;0;0;"GY"
"1317";0;0;0;1;1;"GY"
"1318";3;2;2;2;1;"GY"
"1319";0;0;0;0;1;"GY"
"1320";0;0;0;0;1;"GY"
"1321";0;0;1;0;0;"RE"
"1322";0;1;0;0;1;"RE"
"1323";0;1;1;0;1;"RE"
"1324";0;0;0;0;1;"RE"
"1325";NA;NA;4;2;0;"RE"
"1326";0;NA;NA;1;0;"RE"
"1327";4;NA;NA;1;0;"RE"
"1328";NA;NA;4;1;0;"RE"
"1329";NA;0;0;0;0;"RE"
"1330";NA;NA;16;2;0;"RE"
"1331";NA;NA;3;3;0;"RE"
"1332";0;0;1;0;1;"RE"
"1333";0;0;0;0;1;"RE"
"1334";0;NA;NA;4;1;"RE"
"1335";0;3;2;0;1;"RE"
"1336";NA;NA;0;0;1;"RE"
"1337";NA;NA;0;0;1;"RE"
"1338";0;1;5;5;1;"RE"
"1339";NA;NA;3;1;1;"RE"
"1340";0;0;0;0;1;"RE"
"1341";NA;NA;0;2;1;"RE"
"1342";NA;0;1;0;1;"RE"
"1343";NA;NA;1;1;1;"RE"
"1344";NA;0;1;1;1;"RE"
"1345";1;0;0;0;1;"RE"
"1346";0;0;0;1;0;"RE"
"1347";0;NA;3;6;0;"RE"
"1348";0;4;11;1;0;"RE"
"1349";NA;0;3;0;0;"RE"
"1350";NA;0;2;1;0;"RE"
"1351";NA;1;0;0;1;"RE"
"1352";0;0;1;1;1;"RE"
"1353";NA;NA;0;0;1;"RE"
"1354";NA;4;3;0;0;"RE"
"1355";NA;NA;0;0;0;"RE"
"1356";NA;4;NA;4;0;"RE"
"1357";3;0;0;0;0;"RE"
"1358";0;0;1;1;0;"RE"
"1359";NA;2;2;2;0;"RE"
"1360";0;0;2;3;0;"RE"
"1361";0;0;0;3;1;"GY"
"1362";1;0;0;0;1;"GY"
"1363";0;0;0;0;1;"GY"
"1364";NA;0;1;2;1;"GY"
"1365";NA;NA;6;2;0;"GY"
"1366";NA;NA;1;2;0;"GY"
"1367";NA;NA;2;1;0;"GY"
"1368";0;1;0;0;1;"GY"
"1369";0;1;0;0;1;"GY"
"1370";0;NA;NA;0;1;"GY"
"1371";0;NA;0;0;1;"GY"
"1372";0;0;0;0;1;"GY"
"1373";0;1;0;0;1;"GY"
"1374";0;0;0;0;1;"GY"
"1375";3;2;0;0;1;"GY"
"1376";0;0;0;1;0;"GY"
"1377";4;2;4;1;0;"GY"
"1378";7;3;1;3;0;"GY"
"1379";NA;NA;1;3;0;"GY"
"1380";1;0;0;0;1;"GY"
"1381";1;1;3;1;0;"GY"
"1382";0;0;5;1;0;"GY"
"1383";0;0;0;0;1;"GY"
"1384";NA;0;0;0;0;"HA"
"1385";0;0;0;0;1;"HA"
"1386";0;3;7;5;1;"HA"
"1387";NA;0;0;0;1;"HA"
"1388";NA;NA;3;2;1;"HA"
"1389";0;2;1;1;1;"HA"
"1390";NA;NA;0;0;1;"HA"
"1391";NA;NA;0;0;1;"HA"
"1392";NA;1;0;0;1;"HA"
"1393";NA;NA;0;0;1;"HA"
"1394";NA;0;0;0;1;"HA"
"1395";0;0;0;0;1;"HA"
"1396";0;2;1;0;1;"HA"
"1397";0;0;0;0;1;"HA"
"1398";0;0;0;0;0;"HA"
"1399";0;0;0;0;1;"GY"
"1400";0;0;0;1;1;"GY"
"1401";0;0;0;0;1;"GY"
"1402";0;0;0;0;1;"GY"
"1403";0;1;0;0;1;"GY"
"1404";0;0;2;1;1;"GY"
"1405";0;0;0;1;1;"GY"
"1406";0;NA;NA;0;1;"RE"
"1407";0;0;0;0;1;"GY"
"1408";0;0;0;0;1;"GY"
"1409";0;0;0;0;1;"GY"
"1410";0;0;0;0;1;"GY"
"1411";NA;0;0;0;1;"GY"
"1412";2;1;5;3;1;"GY"
"1413";NA;0;0;0;1;"GY"
"1414";0;0;0;0;1;"GY"
"1415";0;0;0;0;1;"GY"
"1416";0;0;0;2;1;"GY"
"1417";1;4;1;0;1;"GY"
"1418";0;0;0;0;1;"GY"
"1419";0;0;0;0;1;"GY"
"1420";0;1;0;0;1;"GY"
"1421";NA;0;0;0;1;"GY"
"1422";0;1;2;1;1;"GY"
"1423";0;0;0;0;1;"GY"
"1424";0;1;1;0;1;"GY"
"1425";0;1;0;0;1;"GY"
"1426";NA;0;0;0;1;"GY"
"1427";NA;1;0;0;1;"GY"
"1428";0;0;NA;0;1;"GY"
"1429";0;NA;1;1;0;"HA"
"1430";NA;NA;0;0;1;"HA"
"1431";2;NA;2;1;0;"HA"
"1432";NA;NA;0;0;1;"HA"
"1433";NA;1;NA;0;1;"HA"
"1434";NA;NA;0;1;1;"HA"
"1435";0;3;2;3;0;"HA"
"1436";NA;NA;0;0;1;"HA"
"1437";NA;0;0;0;1;"HA"
"1438";2;3;1;1;1;"HA"
"1439";0;2;3;1;0;"HA"
"1440";NA;1;0;1;0;"RE"
"1441";0;0;0;0;1;"HA"
"1442";NA;NA;4;1;1;"HA"
"1443";0;0;0;0;1;"HA"
"1444";0;0;0;0;1;"HA"
"1445";NA;0;0;0;1;"HA"
"1446";0;1;0;0;1;"HA"
"1447";0;NA;NA;2;1;"HA"
"1448";NA;NA;1;0;0;"HA"
"1449";3;NA;1;2;0;"HA"
"1450";0;0;1;1;0;"HA"
"1451";0;0;0;0;1;"HA"
"1452";0;NA;NA;1;0;"GY"
"1453";NA;1;3;1;1;"GY"
"1454";0;0;0;1;1;"GY"
"1455";0;0;1;0;1;"GY"
"1456";0;0;0;0;1;"GY"
"1457";0;0;0;0;1;"GY"
"1458";0;0;0;1;1;"GY"
"1459";0;0;0;0;0;"GY"
"1460";0;0;0;0;0;"GY"
"1461";0;0;0;0;0;"GY"
"1462";0;2;1;1;0;"GY"
"1463";0;1;1;0;0;"GY"
"1464";0;0;1;1;1;"GY"
"1465";NA;0;0;0;1;"GY"
"1466";0;1;2;2;0;"GY"
"1467";0;0;0;1;1;"GY"
"1468";0;0;0;0;0;"GY"
"1469";0;1;1;0;0;"GY"
"1470";NA;NA;0;2;0;"GY"
"1471";1;1;3;2;0;"GY"
"1472";0;0;1;0;1;"GY"
"1473";NA;0;0;0;0;"GY"
"1474";0;0;0;0;1;"GY"
"1475";0;0;0;0;1;"GY"
"1476";0;2;1;0;0;"GY"
"1477";1;1;0;1;1;"GY"
"1478";NA;1;0;0;1;"GY"
"1479";0;0;0;0;1;"GY"
"1480";0;1;4;2;1;"GY"
"1481";0;0;1;0;0;"GY"
"1482";NA;0;1;0;0;"GY"
"1483";0;1;0;0;1;"GY"
"1484";0;0;0;0;1;"GY"
"1485";0;NA;NA;0;1;"GY"
"1486";NA;NA;2;3;1;"HA"
"1487";NA;3;2;3;1;"HA"
"1488";NA;0;0;0;1;"HA"
"1489";NA;NA;0;1;0;"HA"
"1490";0;1;3;1;1;"HA"
"1491";0;0;0;0;0;"HA"
"1492";NA;NA;0;0;1;"HA"
"1493";NA;NA;16;16;1;"HA"
"1494";NA;0;0;0;0;"GY"
"1495";0;0;0;0;1;"GY"
"1496";0;0;0;0;1;"GY"
"1497";0;0;0;0;1;"GY"
"1498";0;0;2;0;0;"GY"
"1499";NA;0;0;0;1;"GY"
"1500";0;0;0;0;1;"GY"
"1501";0;0;0;0;1;"GY"
"1502";0;0;0;1;0;"GY"
"1503";NA;0;1;0;0;"GY"
"1504";0;0;0;4;0;"GY"
"1505";2;0;0;1;1;"GY"
"1506";1;4;1;1;1;"GY"
"1507";0;0;0;1;1;"GY"
"1508";1;0;1;1;0;"GY"
"1509";0;0;0;1;0;"GY"
"1510";0;0;0;1;0;"GY"
"1511";0;0;0;0;0;"GY"
"1512";0;0;0;1;0;"GY"
"1513";NA;1;2;0;1;"HA"
"1514";NA;1;0;2;1;"HA"
"1515";NA;NA;1;0;0;"HA"
"1516";5;1;4;5;1;"HA"
"1517";0;0;0;0;1;"HA"
"1518";10;NA;8;0;0;"HA"
"1519";1;1;0;1;1;"RE"
"1520";NA;0;0;0;1;"RE"
"1521";2;1;0;0;1;"GY"
"1522";0;0;0;0;1;"RE"
"1523";NA;0;0;1;1;"RE"
"1524";NA;1;2;2;0;"RE"
"1525";0;0;0;0;1;"RE"
"1526";0;0;0;0;1;"RE"
"1527";0;0;0;0;0;"RE"
"1528";2;0;2;0;1;"RE"
"1529";1;1;3;2;1;"RE"
"1530";1;2;2;1;1;"RE"
"1531";NA;1;NA;0;0;"RE"
"1532";0;0;0;0;0;"RE"
"1533";NA;NA;15;7;0;"RE"
"1534";2;1;1;0;0;"RE"
"1535";NA;0;1;0;0;"HA"
"1536";NA;NA;0;0;1;"HA"
"1537";NA;NA;0;0;1;"HA"
"1538";NA;1;2;2;1;"HA"
"1539";0;0;0;6;1;"GY"
"1540";0;3;4;1;0;"RE"
"1541";NA;3;1;2;0;"HA"
"1542";0;2;1;3;0;"HA"
"1543";0;0;0;0;1;"HA"
"1544";0;0;1;0;0;"HA"
"1545";0;3;1;2;0;"HA"
"1546";NA;0;1;0;0;"HA"
"1547";0;1;2;2;0;"HA"
"1548";NA;NA;2;0;1;"HA"
"1549";0;0;0;0;0;"HA"
"1550";NA;1;0;0;1;"HA"
"1551";NA;0;0;0;1;"HA"
"1552";0;2;4;1;0;"HA"
"1553";NA;NA;1;0;1;"HA"
"1554";0;0;0;0;1;"HA"
"1555";NA;4;10;0;1;"HA"
"1556";0;NA;NA;0;1;"HA"
"1557";0;0;NA;1;1;"HA"
"1558";7;2;2;1;1;"HA"
"1559";NA;0;3;1;1;"RE"
"1560";NA;1;0;2;0;"RE"
"1561";NA;NA;0;2;1;"RE"
"1562";0;0;3;1;1;"RE"
"1563";1;3;3;4;1;"RE"
"1564";NA;NA;1;1;1;"RE"
"1565";0;0;0;0;1;"RE"
"1566";NA;0;1;0;1;"RE"
"1567";1;1;0;0;0;"RE"
"1568";NA;NA;0;1;0;"RE"
"1569";1;0;0;5;0;"RE"
"1570";0;1;0;0;0;"RE"
"1571";0;1;0;0;0;"RE"
"1572";0;0;0;1;0;"RE"
"1573";NA;0;0;0;1;"RE"
"1574";NA;2;1;0;0;"HA"
"1575";0;0;0;0;0;"HA"
"1576";NA;NA;0;0;1;"HA"
"1577";1;1;3;5;0;"HA"
"1578";NA;NA;7;1;0;"HA"
"1579";NA;0;NA;1;1;"HA"
"1580";0;0;0;0;1;"GY"
"1581";0;0;0;0;1;"GY"
"1582";0;0;0;0;1;"GY"
"1583";NA;NA;1;1;0;"GY"
"1584";3;2;3;0;1;"GY"
"1585";NA;0;0;0;1;"GY"
"1586";0;0;0;0;1;"GY"
"1587";NA;1;0;0;0;"GY"
"1588";0;0;0;0;1;"HA"
"1589";NA;0;0;0;1;"HA"
"1590";0;3;1;0;0;"HA"
"1591";0;3;1;3;1;"HA"
"1592";NA;NA;0;0;0;"HA"
"1593";NA;0;1;0;0;"RE"
"1594";NA;NA;0;0;0;"HA"
"1595";0;NA;2;0;0;"RE"
"1596";NA;NA;2;10;0;"HA"
"1597";0;1;1;2;1;"HA"
"1598";NA;1;0;0;1;"HA"
"1599";2;2;1;2;1;"RE"
"1600";11;12;9;2;1;"HA"
"1601";NA;NA;7;3;0;"RE"
"1602";0;0;0;0;1;"RE"
"1603";0;0;0;0;1;"RE"
"1604";0;0;0;0;1;"RE"
"1605";1;5;4;6;0;"RE"
"1606";NA;NA;5;4;1;"RE"
"1607";NA;NA;5;4;1;"RE"
"1608";0;NA;6;3;0;"RE"
"1609";7;2;4;4;0;"RE"
"1610";0;0;1;4;0;"RE"
"1611";0;0;3;9;0;"RE"
"1612";2;1;3;5;0;"GY"
"1613";NA;NA;1;1;0;"RE"
"1614";0;0;0;0;0;"RE"
"1615";0;0;0;1;0;"RE"
"1616";0;0;1;1;1;"RE"
"1617";NA;NA;0;0;0;"RE"
"1618";NA;NA;3;1;0;"RE"
"1619";NA;0;0;4;0;"RE"
"1620";2;1;0;0;0;"RE"
"1621";2;4;3;6;1;"RE"
"1622";NA;NA;3;3;1;"RE"
"1623";0;0;0;0;1;"RE"
"1624";3;2;4;4;0;"RE"
"1625";0;1;0;1;1;"RE"
"1626";0;0;0;0;1;"RE"
"1627";0;0;0;2;1;"RE"
"1628";NA;NA;2;2;0;"RE"
"1629";1;1;2;1;1;"RE"
"1630";0;1;0;0;1;"GY"
"1631";NA;0;0;0;1;"RE"
"1632";NA;NA;5;3;1;"RE"
"1633";4;NA;NA;1;1;"RE"
"1634";NA;NA;0;0;1;"RE"
"1635";1;4;3;2;1;"RE"
"1636";NA;2;1;3;0;"RE"
"1637";NA;NA;4;1;0;"RE"
"1638";NA;NA;0;0;0;"RE"
"1639";NA;0;1;0;0;"RE"
"1640";NA;NA;1;0;0;"RE"
"1641";0;0;0;0;1;"RE"
"1642";0;4;0;1;1;"RE"
"1643";0;0;0;1;1;"RE"
"1644";NA;NA;0;0;0;"RE"
"1645";0;1;0;1;1;"RE"
"1646";NA;0;0;1;0;"RE"
"1647";NA;1;2;1;1;"RE"
"1648";NA;NA;2;1;1;"RE"
"1649";NA;NA;3;9;0;"RE"
"1650";NA;NA;4;1;0;"RE"
"1651";NA;NA;0;1;1;"RE"
"1652";NA;NA;0;0;1;"RE"
"1653";NA;NA;0;0;1;"RE"
"1654";NA;0;0;0;1;"RE"
"1655";NA;0;1;3;0;"RE"
"1656";NA;NA;0;0;0;"RE"
"1657";0;0;0;0;1;"RE"
"1658";0;1;0;0;1;"HA"
"1659";0;0;0;0;0;"HA"
"1660";0;0;0;0;1;"HA"
"1661";NA;NA;5;5;0;"HA"
"1662";NA;NA;0;1;1;"HA"
"1663";NA;4;1;2;1;"HA"
"1664";NA;3;7;3;0;"RE"
"1665";NA;6;2;3;0;"HA"
"1666";1;2;1;2;1;"HA"
"1667";1;2;2;1;1;"HA"
"1668";NA;NA;0;0;1;"HA"
"1669";NA;0;1;0;0;"HA"
"1670";NA;2;2;4;1;"HA"
"1671";3;6;NA;1;0;"HA"
"1672";NA;NA;0;0;0;"HA"
"1673";0;NA;NA;10;1;"RE"
"1674";0;0;2;0;1;"HA"
"1675";2;NA;NA;2;1;"HA"
"1676";NA;NA;2;3;1;"HA"
"1677";0;NA;NA;0;1;"HA"
"1678";0;0;0;0;1;"HA"
"1679";0;0;1;0;0;"HA"
"1680";0;0;3;3;1;"HA"
"1681";NA;1;NA;0;1;"HA"
"1682";NA;0;0;1;1;"HA"
"1683";NA;0;0;0;1;"HA"
"1684";NA;0;0;0;0;"HA"
"1685";NA;15;11;4;0;"HA"
"1686";NA;NA;5;4;0;"HA"
"1687";0;0;0;0;1;"HA"
"1688";NA;0;1;0;1;"HA"
"1689";0;0;1;1;0;"HA"
"1690";0;0;0;1;0;"HA"
"1691";NA;NA;2;1;0;"HA"
"1692";NA;NA;0;0;0;"HA"
"1693";NA;5;2;4;0;"HA"
"1694";NA;0;NA;0;1;"HA"
"1695";NA;0;1;1;1;"HA"
"1696";NA;NA;4;0;0;"HA"
"1697";NA;0;0;0;1;"HA"
"1698";NA;NA;1;2;0;"HA"
"1699";2;4;4;7;1;"HA"
"1700";NA;NA;1;4;0;"HA"
"1701";NA;0;0;0;1;"HA"
"1702";NA;0;0;2;1;"HA"
"1703";NA;0;0;1;0;"HA"
"1704";NA;4;NA;2;1;"HA"
"1705";0;NA;NA;0;0;"HA"
"1706";NA;0;0;0;1;"HA"
"1707";NA;0;1;2;1;"HA"
"1708";0;1;1;1;1;"HA"
"1709";NA;3;0;0;1;"HA"
"1710";NA;NA;3;4;0;"HA"
"1711";NA;NA;11;14;0;"HA"
"1712";0;1;1;0;1;"HA"
"1713";0;1;1;0;1;"HA"
"1714";0;0;2;1;1;"GY"
"1715";NA;NA;2;1;1;"GY"
"1716";0;0;1;1;0;"GY"
"1717";0;0;0;0;1;"GY"
"1718";0;NA;NA;0;0;"GY"
"1719";0;1;0;0;0;"GY"
"1720";NA;0;0;0;1;"GY"
"1721";0;0;0;0;0;"GY"
"1722";0;0;0;0;0;"GY"
"1723";0;1;1;0;0;"GY"
"1724";NA;0;0;1;0;"GY"
"1725";0;NA;0;0;0;"GY"
"1726";NA;0;0;0;0;"GY"
"1727";NA;NA;0;0;0;"GY"
"1728";NA;NA;2;0;0;"GY"
"1729";0;1;0;0;0;"GY"
"1730";0;1;2;0;0;"GY"
"1731";0;0;2;1;0;"GY"
"1732";NA;9;4;1;0;"GY"
"1733";0;0;0;0;1;"GY"
"1734";NA;NA;1;4;1;"GY"
"1735";0;0;1;2;1;"GY"
"1736";1;4;4;5;1;"GY"
"1737";2;2;0;1;0;"GY"
"1738";1;0;0;0;1;"GY"
"1739";0;0;0;0;1;"GY"
"1740";NA;0;1;0;1;"GY"
"1741";NA;1;0;0;1;"GY"
"1742";0;0;1;2;0;"GY"
"1743";0;3;2;1;0;"GY"
"1744";0;0;0;1;1;"GY"
"1745";0;1;0;1;1;"GY"
"1746";0;0;1;1;0;"GY"
"1747";3;4;2;2;0;"GY"
"1748";0;0;1;1;1;"GY"
"1749";0;4;3;3;0;"GY"
"1750";0;0;0;0;1;"GY"
"1751";0;0;0;0;1;"GY"
"1752";0;0;0;0;1;"GY"
"1753";0;0;0;0;1;"GY"
"1754";0;0;0;0;1;"GY"
"1755";NA;0;0;1;1;"GY"
"1756";0;0;1;0;1;"GY"
"1757";0;0;1;0;1;"GY"
"1758";1;0;2;0;1;"GY"
"1759";1;3;3;2;0;"GY"
"1760";NA;NA;2;2;0;"GY"
"1761";0;0;2;1;0;"GY"
"1762";NA;NA;7;3;0;"GY"
"1763";5;5;7;3;0;"GY"
"1764";0;0;0;0;1;"GY"
"1765";0;0;1;0;0;"GY"
"1766";NA;NA;0;0;0;"GY"
"1767";0;0;0;0;1;"GY"
"1768";1;1;0;1;1;"GY"
"1769";NA;NA;5;4;0;"GY"
"1770";1;1;0;1;0;"GY"
"1771";0;0;3;1;0;"GY"
"1772";NA;NA;0;0;0;"GY"
"1773";0;NA;0;1;0;"GY"
"1774";0;0;0;1;1;"GY"
"1775";1;2;0;1;1;"GY"
"1776";3;2;0;1;1;"GY"
"1777";0;0;0;0;0;"GY"
"1778";0;1;NA;2;0;"GY"
"1779";0;0;0;0;1;"GY"
"1780";0;0;NA;0;1;"GY"
"1781";1;0;0;0;1;"GY"
"1782";0;0;0;0;1;"GY"
"1783";1;0;0;0;1;"GY"
"1784";0;0;0;0;1;"GY"
"1785";NA;NA;0;0;0;"GY"
"1786";NA;13;1;0;0;"HA"
"1787";NA;0;3;1;0;"RE"
"1788";0;0;0;2;1;"RE"
"1789";NA;NA;2;4;1;"RE"
"1790";NA;NA;3;2;1;"RE"
"1791";NA;NA;8;8;0;"RE"
"1792";NA;NA;1;2;1;"RE"
"1793";0;1;3;2;1;"RE"
"1794";0;0;2;1;0;"RE"
"1795";0;0;0;0;0;"RE"
"1796";NA;NA;0;1;1;"RE"
"1797";NA;NA;0;0;1;"RE"
"1798";NA;NA;0;0;1;"RE"
"1799";NA;NA;4;3;1;"RE"
"1800";NA;6;3;1;0;"RE"
"1801";0;0;0;0;0;"RE"
"1802";0;0;0;0;0;"RE"
"1803";NA;0;0;5;0;"RE"
"1804";NA;NA;1;1;0;"RE"
"1805";0;0;0;0;0;"RE"
"1806";1;2;0;0;0;"RE"
"1807";NA;NA;5;0;1;"RE"
"1808";0;0;1;0;1;"RE"
"1809";NA;2;1;0;1;"RE"
"1810";NA;NA;2;0;0;"RE"
"1811";NA;NA;10;8;0;"RE"
"1812";0;0;2;0;0;"RE"
"1813";0;0;0;0;1;"RE"
"1814";0;0;0;1;1;"RE"
"1815";NA;0;1;2;1;"GY"
"1816";0;0;0;1;1;"GY"
"1817";0;0;0;0;1;"GY"
"1818";NA;0;0;0;0;"GY"
"1819";NA;NA;1;2;0;"GY"
"1820";NA;1;1;1;0;"GY"
"1821";0;1;1;0;0;"GY"
"1822";NA;0;0;0;0;"GY"
"1823";0;NA;NA;3;0;"GY"
"1824";NA;NA;3;7;0;"GY"
"1825";NA;0;1;2;0;"GY"
"1826";1;1;2;6;0;"GY"
"1827";0;0;0;0;1;"GY"
"1828";0;NA;NA;1;0;"GY"
"1829";0;0;0;1;1;"GY"
"1830";0;1;3;3;1;"GY"
"1831";4;0;2;1;0;"GY"
"1832";0;0;3;2;0;"GY"
"1833";NA;0;2;2;0;"GY"
"1834";0;0;1;0;0;"GY"
"1835";0;1;0;1;0;"GY"
"1836";0;0;0;0;0;"GY"
"1837";NA;NA;1;0;0;"GY"
"1838";NA;0;2;1;0;"GY"
"1839";1;6;6;11;1;"HA"
"1840";1;4;0;15;1;"HA"
"1841";NA;0;0;5;0;"HA"
"1842";NA;NA;0;0;1;"HA"
"1843";NA;NA;0;0;1;"HA"
"1844";2;1;3;2;1;"HA"
"1845";0;0;2;1;1;"GY"
"1846";3;6;6;2;1;"GY"
"1847";1;1;0;1;1;"GY"
"1848";NA;0;NA;0;1;"GY"
"1849";1;NA;NA;0;0;"GY"
"1850";1;NA;0;1;1;"GY"
"1851";1;2;4;2;1;"GY"
"1852";NA;NA;0;0;0;"GY"
"1853";0;0;0;0;0;"GY"
"1854";0;1;0;0;1;"GY"
"1855";0;0;0;1;0;"GY"
"1856";NA;NA;0;1;0;"GY"
"1857";NA;0;0;0;0;"GY"
"1858";0;0;0;0;0;"GY"
"1859";0;0;0;0;0;"GY"
"1860";0;0;1;0;0;"GY"
"1861";0;4;2;1;0;"GY"
"1862";1;0;0;0;0;"GY"
"1863";0;0;0;0;0;"GY"
"1864";NA;NA;0;0;1;"GY"
"1865";0;0;0;0;1;"GY"
"1866";0;0;3;0;0;"GY"
"1867";1;3;3;0;1;"GY"
"1868";NA;NA;0;0;1;"GY"
"1869";NA;0;NA;0;0;"RE"
"1870";0;0;3;1;0;"RE"
"1871";0;0;1;1;0;"RE"
"1872";1;1;0;1;0;"RE"
"1873";NA;0;0;1;0;"RE"
"1874";NA;NA;1;0;0;"RE"
"1875";0;0;4;6;0;"RE"
"1876";0;0;2;1;0;"RE"
"1877";3;NA;6;1;1;"RE"
"1878";NA;NA;1;0;0;"RE"
"1879";NA;NA;1;0;1;"RE"
"1880";0;NA;NA;3;1;"RE"
"1881";NA;2;2;2;0;"RE"
"1882";0;1;4;2;1;"RE"
"1883";0;0;0;0;1;"RE"
"1884";0;NA;NA;1;1;"RE"
"1885";0;1;1;0;1;"RE"
"1886";0;0;0;0;1;"RE"
"1887";NA;0;2;0;0;"RE"
"1888";NA;1;1;2;0;"RE"
"1889";NA;0;0;0;0;"RE"
"1890";NA;1;0;1;1;"RE"
"1891";NA;0;0;0;1;"RE"
"1892";0;0;0;0;1;"RE"
"1893";0;0;0;0;1;"RE"
"1894";1;NA;1;1;0;"GY"
"1895";NA;1;0;1;0;"GY"
"1896";0;NA;NA;0;0;"GY"
"1897";0;0;0;0;1;"GY"
"1898";0;NA;NA;0;1;"GY"
"1899";2;0;0;2;0;"GY"
"1900";0;0;0;0;0;"GY"
"1901";0;0;0;0;1;"GY"
"1902";0;0;5;0;1;"GY"
"1903";2;0;0;0;1;"GY"
"1904";NA;0;0;1;1;"GY"
"1905";NA;1;1;2;0;"GY"
"1906";0;0;0;0;0;"GY"
"1907";0;1;1;2;0;"GY"
"1908";4;4;2;2;0;"GY"
"1909";NA;3;0;0;0;"GY"
"1910";0;0;0;0;0;"GY"
"1911";2;0;0;0;0;"GY"
"1912";1;1;2;1;0;"GY"
"1913";1;4;2;1;0;"GY"
"1914";1;NA;0;0;0;"GY"
"1915";NA;NA;2;1;0;"GY"
"1916";1;0;1;0;0;"GY"
"1917";NA;NA;0;0;1;"GY"
"1918";NA;NA;3;1;1;"GY"
"1919";0;0;0;0;0;"GY"
"1920";0;NA;0;0;0;"GY"
"1921";0;1;1;0;0;"GY"
"1922";NA;NA;2;1;0;"GY"
"1923";NA;NA;3;2;0;"GY"
"1924";7;10;8;4;0;"GY"
"1925";NA;1;0;0;0;"GY"
"1926";0;0;1;2;1;"GY"
"1927";0;1;1;3;1;"GY"
"1928";0;0;0;0;0;"GY"
"1929";NA;0;0;0;0;"GY"
"1930";NA;NA;0;0;0;"GY"
"1931";0;0;0;1;0;"GY"
"1932";0;0;0;0;1;"GY"
"1933";0;0;0;0;0;"GY"
"1934";0;0;1;1;0;"GY"
"1935";0;0;0;0;1;"GY"
"1936";0;0;0;0;1;"GY"
"1937";0;0;0;0;1;"GY"
"1938";0;0;0;0;0;"GY"
"1939";0;1;0;1;0;"GY"
"1940";0;0;0;1;0;"GY"
"1941";1;0;0;0;1;"GY"
"1942";0;0;0;0;1;"GY"
"1943";1;0;0;1;1;"GY"
"1944";NA;NA;2;1;0;"GY"
"1945";0;NA;0;0;0;"GY"
"1946";0;0;0;0;1;"GY"
"1947";0;0;0;0;1;"GY"
"1948";0;0;0;0;1;"GY"
"1949";0;0;0;0;1;"GY"
"1950";0;0;0;0;1;"GY"
"1951";0;0;0;0;1;"GY"
"1952";0;0;0;0;1;"GY"
"1953";1;NA;NA;0;0;"GY"
"1954";2;2;4;3;0;"GY"
"1955";0;0;0;0;0;"GY"
"1956";NA;NA;0;0;0;"GY"
"1957";NA;NA;0;2;0;"GY"
"1958";1;NA;NA;4;1;"GY"
"1959";0;NA;0;0;0;"GY"
"1960";0;0;0;1;0;"GY"
"1961";NA;NA;1;0;0;"GY"
"1962";0;NA;NA;0;1;"GY"
"1963";0;0;0;0;0;"GY"
"1964";NA;0;0;0;0;"GY"
"1965";NA;NA;1;1;0;"GY"
"1966";0;NA;0;0;0;"GY"
"1967";1;0;0;0;0;"GY"
"1968";0;NA;NA;0;0;"GY"
"1969";0;0;0;0;1;"GY"
"1970";1;0;0;1;1;"GY"
"1971";1;1;0;1;1;"GY"
"1972";NA;NA;0;1;1;"GY"
"1973";0;0;0;0;1;"GY"
"1974";0;0;0;0;1;"GY"
"1975";0;2;2;0;1;"GY"
"1976";1;1;6;4;0;"GY"
"1977";1;0;2;3;0;"GY"
"1978";1;2;3;5;0;"GY"
"1979";NA;NA;5;1;0;"GY"
"1980";NA;NA;3;2;0;"GY"
"1981";0;2;2;1;0;"GY"
"1982";NA;NA;0;2;1;"GY"
"1983";0;0;0;0;1;"GY"
"1984";0;1;0;0;0;"GY"
"1985";NA;NA;1;0;0;"GY"
"1986";0;0;0;0;0;"GY"
"1987";NA;0;0;0;0;"GY"
"1988";NA;NA;4;3;0;"GY"
"1989";NA;NA;4;3;0;"GY"
"1990";NA;0;0;0;1;"GY"
"1991";NA;NA;0;0;1;"GY"
"1992";0;0;0;0;1;"GY"
"1993";1;1;0;1;1;"GY"
"1994";0;NA;2;1;1;"GY"
"1995";0;6;7;2;1;"GY"
"1996";0;0;0;0;0;"GY"
"1997";0;0;0;0;1;"GY"
"1998";1;1;0;2;1;"GY"
"1999";NA;NA;0;0;0;"GY"
"2000";NA;NA;1;1;0;"GY"
"2001";0;0;0;2;1;"GY"
"2002";NA;NA;0;0;0;"GY"
"2003";0;0;0;0;1;"GY"
"2004";NA;0;0;0;1;"GY"
"2005";0;2;2;2;0;"GY"
"2006";0;0;0;0;0;"GY"
"2007";0;NA;NA;1;0;"GY"
"2008";1;1;1;0;1;"GY"
"2009";1;0;1;2;0;"GY"
"2010";6;3;4;2;0;"GY"
"2011";3;3;3;1;0;"GY"
"2012";1;0;0;0;0;"GY"
"2013";1;3;2;0;0;"GY"
"2014";NA;0;0;0;0;"GY"
"2015";0;0;0;2;0;"HA"
"2016";0;0;0;0;1;"HA"
"2017";0;0;0;0;1;"HA"
"2018";NA;3;4;1;0;"HA"
"2019";NA;2;1;5;1;"HA"
"2020";NA;NA;0;1;1;"HA"
"2021";0;0;0;0;1;"HA"
"2022";NA;0;NA;0;0;"HA"
"2023";NA;0;0;NA;0;"HA"
"2024";NA;3;0;NA;0;"HA"
"2025";NA;1;0;NA;1;"HA"
"2026";NA;1;0;1;0;"HA"
"2027";NA;1;0;0;0;"HA"
"2028";0;0;0;0;0;"HA"
"2029";NA;NA;0;0;0;"HA"
"2030";NA;NA;0;0;1;"HA"
"2031";0;0;0;0;1;"HA"
"2032";NA;NA;0;0;0;"HA"
"2033";NA;1;6;3;0;"HA"
"2034";NA;1;0;0;0;"HA"
"2035";NA;NA;0;0;1;"HA"
"2036";NA;NA;2;1;0;"HA"
"2037";NA;NA;2;2;0;"HA"
"2038";0;0;0;0;0;"HA"
"2039";1;NA;0;0;1;"HA"
"2040";NA;NA;0;0;1;"HA"
"2041";1;0;0;0;1;"HA"
"2042";4;NA;NA;1;0;"HA"
"2043";0;1;0;0;1;"HA"
"2044";0;0;0;0;0;"HA"
"2045";NA;NA;2;0;0;"HA"
"2046";NA;0;NA;0;0;"HA"
"2047";NA;NA;0;0;0;"HA"
"2048";6;0;1;2;0;"HA"
"2049";1;0;0;0;1;"HA"
"2050";NA;0;NA;0;1;"HA"
"2051";0;0;0;0;1;"HA"
"2052";1;NA;NA;0;0;"HA"
"2053";NA;3;2;1;0;"HA"
"2054";NA;0;0;0;0;"HA"
"2055";NA;NA;3;3;0;"HA"
"2056";NA;NA;1;0;0;"HA"
"2057";NA;NA;6;0;0;"HA"
"2058";NA;12;10;6;0;"HA"
"2059";NA;NA;5;2;1;"HA"
"2060";1;2;3;2;0;"HA"
"2061";NA;5;11;7;0;"HA"
"2062";NA;NA;1;1;0;"HA"
"2063";NA;NA;7;11;0;"HA"
"2064";NA;NA;4;3;1;"HA"
